;;;;;;;;;0;;;;;;;;;;;;;;;;;;;;;;;;;;;;;;;;;;;;;;;;;;;;;;;;;;;;;;;;;;;;;;;;;;;;;;;;;
;;;;;;;;;0;;;;;;;;;;;;;;;;;;;;;;;;;;;;;;;;;;;;;;;;;;;;;;;;;;;;;;;;;;;;;;;;;;;;;;;;;
;;;;;;;;;0;;;;;;;;;;;;;;;;;;;;;;;;;;;;;;;;;;;;;;;;;;;;;;;;;;;;;;;;;;;;;;;;;;;;;;;;;
;;;;;;;;;0;;;;;;;;;;;;;;;;;;;;;;;;;;;;;;;;;;;;;;;;;;;;;;;;;;;;;;;;;;;;;;;;;;;;;;;;;
;;;;;;;;;0;;;;;;;;;;;;;;;;;;;;;;;;;;;;;;;;;;;;;;;;;;;;;;;;;;;;;;;;;;;;;;;;;;;;;;;;;
0;0;0;0;0;0;0;0;0;0;||;||;||;||;||;;;;;;;;;;;;;;;;;;;;;;;;;;;;;;;;;;;;;;;;;;;;;;;;;;;;;;;;;;;;;;;;;;;;
;;;;;;;;;||;||;;h;;||;||;;;;;;;;||;||;||;||;||;||;||;||;||;||;||;||;;;;;;;;;;;;;;;;;;;;;;;;;;;;;;;;;;;;;;;;;;;;;;;;
;;;;;;;;;||;;;;;;||;||;;;;;;||;||;h;b;h;h;h;h;h;b;h;h;||;||;||;;;;;;;;;;;;;;;;;;;;;;;;;;;;;;;;;;;;;;;;;;;;;;
;;;;;;;;;||;;h;;;;h;||;||;;;;;||;h;h;t;t;h;t;t;t;t;t;h;b;h;||;||;;;;;;;;;;;;;;;||;||;||;||;||;||;||;||;||;||;;;;;;;;;;;;;;;;;;;;;
;;;;;;;;;||;;;;h;;;t;||;;;;||;||;t;h;h;h;h;h;h;h;h;h;h;t;h;t;||;||;;;;;;;;;;;;;;||;h;h;h;h;h;h;h;h;||;||;;;;;;;;;;;;||;||;||;||;||;||;;;
;;;;;;;;;||;UT;;;;b;;h;||;||;;;||;h;h;h;t;t;t;t;h;t;t;t;t;t;h;t;t;||;||;;;;;;;;;;;;;||;h;t;t;t;t;t;t;h;t;||;||;;;;;;;;;;;||;h;h;h;h;||;||;;
;;;;;;;;;||;UT;;h;t;;;h;h;||;;||;||;t;t;h;h;h;UT;t;h;t;t;h;h;h;h;h;h;h;||;||;;;;;;;;;;;;||;h;t;h;h;h;h;h;h;t;t;||;||;;;;;;;;;;||;h;h;h;h;h;||;;
;;;;;;;;;||;t;t;;;h;;t;h;||;;||;h;t;h;h;t;t;t;t;h;t;t;h;t;t;t;t;t;h;h;||;;;;;;;;;;;;||;h;t;h;t;t;t;t;t;t;h;t;||;||;;;;;;;;||;||;h;h;h;h;h;||;||;
;;;;;;;;;||;||;h;h;;;h;h;h;||;;||;h;h;h;h;b;h;h;h;h;t;h;h;h;h;h;h;h;t;h;||;;;;;;;;;;;||;||;h;t;h;h;h;h;h;h;t;h;h;h;||;||;;;;;;;||;h;h;h;h;h;h;h;||;
;;;;;;;;;;||;h;t;h;;h;t;h;||;||;||;t;h;t;t;t;t;h;t;h;t;h;t;t;t;h;t;b;t;h;||;;;;;;;;;;;||;h;h;t;t;t;t;t;t;h;t;h;t;h;h;||;||;;;;;||;||;h;h;UT;h;h;UT;h;||;||
;;;;;;;;;;||;h;t;h;h;h;t;h;h;h;h;h;h;h;h;t;t;h;t;h;t;h;t;t;t;h;b;UT;h;h;||;;;;;;;;;;;||;h;t;t;h;h;h;h;t;h;t;h;t;t;h;h;||;||;||;;;||;h;UT;h;h;h;h;h;h;h;||
;;;;;;;;;;||;t;h;h;t;h;t;h;b;h;t;h;b;b;h;t;t;h;t;t;t;h;t;t;t;h;t;b;t;h;||;;;;;;;;;;;||;h;t;t;h;t;b;t;t;h;t;h;t;t;t;h;h;h;||;||;||;||;h;h;h;h;h;h;h;h;h;||
;;;;;;;;;||;||;t;t;h;t;t;t;t;h;h;t;h;h;b;h;t;t;h;h;h;h;h;h;h;t;h;h;h;t;h;||;;;;;;;;;;||;||;h;h;h;h;b;UT;h;h;h;t;h;b;h;t;t;h;h;h;||;||;h;h;h;h;h;h;h;h;h;h;||
;;;;;;;;;||;h;t;h;h;h;h;h;t;h;t;t;h;b;h;h;t;t;h;t;h;t;h;t;h;t;t;t;t;t;h;||;;;;;;;;;;||;h;h;t;t;h;t;b;t;h;h;t;h;t;h;h;t;t;t;h;h;h;h;h;h;h;h;h;h;h;h;h;||
;;;;;;;;;||;h;t;t;t;t;t;h;t;h;t;h;h;b;b;h;b;h;h;t;h;t;h;t;h;t;t;t;t;t;h;||;;;;;;;;;||;||;h;t;t;t;h;h;h;h;t;h;t;h;t;t;h;h;t;t;t;h;h;h;h;h;h;h;h;UT;h;h;h;||
;;;;;;;;;||;h;h;t;h;h;t;h;t;h;t;h;t;h;h;h;t;t;h;t;h;h;UT;h;h;h;h;t;t;h;h;||;;;;;;;;;||;h;h;t;t;t;t;t;t;t;t;h;t;h;h;t;t;h;h;h;h;t;h;h;h;h;h;UT;h;h;h;h;||;||
;;;;;;;;;||;h;t;t;t;h;h;h;h;t;h;h;t;h;t;h;t;t;h;t;h;t;h;t;h;t;b;t;h;h;||;||;;;;;;;;;||;h;t;h;h;h;h;h;h;h;h;h;t;t;h;t;t;h;t;t;h;b;h;h;h;UT;h;h;h;h;h;h;||;
;;;;;;;;;||;h;t;t;h;h;t;t;h;t;h;t;h;h;b;h;t;t;h;t;h;t;h;t;h;b;h;h;h;||;||;;;;;;;;;||;||;h;t;h;t;t;t;t;t;t;t;t;t;t;h;h;t;h;h;t;t;t;t;h;h;h;h;h;h;h;h;h;||;
;;;;;;;;||;||;h;t;h;h;t;UT;h;h;b;h;t;h;t;t;h;t;h;h;t;h;h;h;h;h;t;t;h;||;||;;;;;;;;;;||;h;h;t;h;t;t;t;t;t;t;t;t;t;t;t;h;t;t;h;h;t;t;t;h;h;h;h;h;A;h;h;h;||;
;;;;;;;;||;h;h;t;t;t;t;t;t;h;t;h;t;h;t;h;h;h;h;t;t;t;t;b;t;t;t;t;h;||;;;;;;;;;;;||;h;t;t;h;h;h;h;h;h;h;h;h;h;h;t;h;t;t;t;h;h;h;h;h;h;h;h;h;h;h;h;h;||;
;;;;;;;;||;t;h;h;h;h;h;h;t;h;t;h;t;h;t;t;h;t;t;h;h;h;h;h;h;h;h;t;h;||;;;;;;;;;;;||;h;t;t;t;t;t;t;t;t;t;t;t;t;h;t;h;h;t;h;t;h;t;t;t;h;h;h;h;h;h;UT;h;||;
;;;;;;;;||;h;h;t;t;t;t;h;t;h;h;h;t;h;t;t;h;t;h;h;t;t;t;t;t;t;h;t;h;||;;;;;;;;;;;||;h;h;h;h;h;h;h;h;h;h;h;h;t;h;t;t;h;b;h;t;h;t;h;h;h;h;h;h;h;h;h;h;||;
;;;;;;;;||;t;h;h;t;t;t;h;t;h;t;t;h;h;t;t;h;t;h;t;h;h;h;h;h;t;h;t;h;||;;;;;;;;;;||;||;h;t;t;t;t;t;t;t;t;t;t;h;t;h;t;t;h;t;h;h;h;t;h;t;h;h;h;UT;h;h;h;h;||;
;;;;;;;;||;h;h;t;t;h;h;h;h;h;t;h;h;t;t;t;h;t;h;t;h;t;b;t;h;t;h;t;h;||;;;;;;;;;;||;h;h;t;t;UT;UT;UT;UT;UT;UT;UT;t;h;t;h;t;t;h;h;t;t;h;t;h;t;t;h;h;h;h;h;h;h;||;||
;;;;;;;;||;h;t;t;h;h;h;h;h;t;t;h;t;t;UT;t;h;t;h;t;h;t;h;t;h;t;h;t;h;||;;;;;;;;;||;||;h;t;t;t;t;t;b;t;t;t;t;t;h;t;h;t;t;t;h;t;t;h;t;h;h;b;h;h;h;h;h;h;h;h;||
;;;;;;;;||;h;t;h;h;t;h;t;h;h;t;h;h;b;h;t;h;t;h;t;h;t;h;t;h;t;h;t;h;||;||;;;;;;;;||;h;h;t;t;t;t;t;b;t;h;h;h;h;h;t;h;h;h;b;h;h;t;h;t;h;t;t;h;h;h;h;h;h;h;h;||
;;;;;;;;||;||;t;h;t;t;h;t;t;h;t;h;h;t;h;t;h;b;h;t;h;t;h;t;h;t;h;t;h;h;||;;;;;;;||;||;h;t;t;h;h;h;h;h;t;h;t;t;t;t;h;h;t;t;t;t;h;t;h;t;h;h;b;h;h;h;UT;h;h;UT;h;||
;;;;;;;;;||;t;h;t;h;h;t;t;h;t;h;t;h;h;t;h;t;h;t;h;t;h;t;h;t;h;t;t;h;||;;;;;;;||;t;h;t;t;h;b;t;b;h;t;h;t;h;h;h;h;t;t;t;t;t;h;t;h;t;h;t;t;h;h;h;h;h;h;h;h;||
;;;;;;;;;||;h;h;t;h;t;h;h;h;t;h;t;h;t;t;h;t;h;t;h;t;h;t;h;t;h;t;t;h;||;;;;;;||;||;UT;h;h;h;h;t;UT;t;h;h;h;t;h;b;h;t;h;h;h;h;h;h;t;h;t;h;t;t;h;UT;h;h;h;h;h;h;||
;;;;;;;;;||;UT;b;t;h;t;h;t;h;t;h;t;h;h;t;h;t;h;t;h;t;h;t;h;t;h;t;t;h;||;;;;;;||;t;t;h;t;t;h;b;t;b;h;t;t;t;h;h;h;t;h;t;t;t;t;t;t;h;t;h;h;t;h;h;h;h;h;UT;h;h;||
;;;;;;;;;||;||;h;t;h;t;h;t;h;t;h;t;t;h;t;h;t;h;t;h;t;h;t;h;t;h;t;t;h;||;||;||;||;||;||;||;t;t;h;t;t;h;h;h;h;h;t;t;t;h;b;h;t;h;h;t;t;t;t;h;h;t;h;t;h;h;h;h;h;h;h;h;||;||
;;;;;;;;;;||;h;t;h;t;h;t;h;b;h;h;h;h;t;h;t;h;t;h;t;h;t;h;t;h;t;t;h;h;h;h;h;h;h;h;h;t;h;h;t;t;t;t;t;t;t;h;h;h;h;h;t;t;h;h;b;h;h;h;t;t;h;t;h;t;h;h;h;h;h;h;||;
;;;;;;;;;;||;h;b;h;b;h;t;h;t;t;t;t;t;t;h;t;h;t;h;h;h;t;h;t;h;t;h;h;t;t;t;t;t;t;t;h;h;t;h;h;h;h;t;t;A;h;h;t;t;t;t;t;t;t;h;t;t;t;h;t;h;h;t;h;t;h;h;UT;h;||;||;||;
;;;;;;;;;;||;h;t;h;t;h;t;h;t;t;h;h;h;h;h;t;h;h;t;t;t;t;h;t;h;t;h;t;t;h;h;h;h;h;h;t;h;h;t;t;t;h;h;t;t;t;t;t;t;h;h;h;h;h;h;h;t;t;h;t;h;t;t;h;t;t;h;h;h;||;;;
;;;;;;;;;;||;h;t;h;t;h;t;h;h;h;h;||;||;||;h;h;t;h;h;h;t;t;h;t;h;t;h;t;t;h;t;t;t;t;h;t;t;h;t;t;t;t;h;h;h;h;h;h;h;h;||;||;||;||;||;h;h;t;h;t;h;t;h;h;h;t;h;h;h;||;;;
;;;;;;;;;;||;h;b;h;t;h;t;t;t;h;||;||;;||;||;h;h;t;t;h;t;t;h;t;h;t;h;h;t;h;h;t;t;h;h;h;h;h;t;h;h;t;t;t;h;||;||;||;||;||;||;;;;||;||;h;t;h;t;h;t;h;t;h;t;h;h;h;||;;;
;;;;;;;;;;||;h;t;h;t;h;t;h;h;h;||;;;;||;||;h;h;t;h;t;t;h;t;h;t;t;h;t;h;t;t;h;h;t;t;t;h;t;h;h;h;h;h;t;||;;;;;;;;;;||;h;t;h;t;h;t;h;t;h;t;t;h;h;||;;;
;;;;;;;;;;||;h;t;h;b;h;t;h;t;h;||;;;;;||;||;h;t;h;h;h;h;t;h;t;t;h;t;h;h;t;h;t;t;h;t;h;t;h;h;t;t;h;t;||;;;;;;;;;;||;h;t;h;t;h;t;h;t;h;t;t;h;h;||;;;
;;;;;;;;;;||;h;t;h;t;h;t;h;h;h;||;;;;;;||;h;t;t;t;t;t;t;h;t;t;h;h;t;h;t;h;h;h;h;b;h;t;h;h;h;t;h;||;||;;;;;;;;;;||;h;t;h;t;h;t;h;t;h;t;t;||;||;||;;;
;;;;;;;;;;||;h;t;h;t;h;t;h;t;h;||;;;;;;||;h;h;h;h;h;h;h;h;t;UT;t;h;t;h;t;t;t;t;t;t;t;t;h;h;h;t;h;||;;;;;;;;;;||;||;h;t;h;t;h;t;h;t;h;t;||;||;;;;;
;;;;;;;;;||;||;h;t;h;t;h;t;h;t;h;||;;;;;||;||;h;t;t;t;t;t;t;t;t;h;h;h;t;h;t;t;t;t;t;t;h;h;h;h;h;t;h;||;;;;;;;;;;||;h;h;t;h;t;h;t;h;t;h;t;||;;;;;;
;;;;;;;;;||;t;h;b;h;b;h;t;h;h;h;||;;;;;||;h;h;h;h;h;t;h;h;h;t;t;t;h;t;h;h;h;h;h;t;h;h;h;h;t;t;t;h;||;;;;;;;;;;||;h;t;t;h;t;h;t;h;t;h;t;||;;;;;;
;;;;;;;;;||;t;h;t;h;t;h;t;t;t;h;||;||;;;||;||;h;t;t;t;h;h;t;t;t;h;h;h;h;t;t;t;t;t;h;t;h;h;h;t;t;h;h;h;||;;;;;;;;;;||;h;t;t;h;t;h;t;h;t;h;t;||;;;;;;
;;;;;;;;;||;t;h;t;h;t;h;t;h;h;h;h;||;||;||;||;h;h;t;t;t;t;h;h;h;h;h;||;||;h;h;t;t;h;t;h;t;h;h;t;t;h;h;t;h;||;;;;;;;;;;||;h;t;t;h;t;h;t;h;t;h;t;||;;;;;;
;;;;;;;;;||;t;h;b;h;t;h;h;h;t;t;h;h;h;h;h;h;t;h;h;h;t;t;h;t;||;||;||;||;||;h;h;t;h;t;h;t;t;h;t;h;h;t;t;h;||;;;;;;;;;;||;h;t;h;h;t;h;t;h;t;h;||;||;;;;;;
;;;;;;;;;||;t;h;t;h;t;t;t;t;t;t;t;t;h;t;t;t;h;h;t;h;t;t;h;t;||;;;;||;||;h;h;h;t;h;h;t;h;t;h;t;t;t;h;||;;;;;;;;;;||;h;t;h;t;t;h;t;h;t;h;||;;;;;;;
;;;;;;;;;||;t;h;t;h;h;h;h;h;h;h;h;t;h;t;h;h;t;h;t;h;h;h;h;||;||;;;;;||;||;||;h;h;t;h;t;h;t;h;t;t;t;h;||;||;;;;;;;;;||;h;t;h;t;h;h;t;h;t;h;||;||;;;;;;
;;;;;;;;;||;t;h;h;t;t;h;t;t;t;t;h;t;h;t;h;t;t;h;t;t;t;h;||;||;;;;;;;;||;||;h;t;h;t;UT;t;h;t;t;t;h;h;||;;;;;;;;;||;h;t;h;t;h;t;t;h;t;h;h;||;;;;;;
;;;;;;;;;||;UT;t;h;h;t;h;t;h;h;h;h;t;h;t;h;h;h;h;h;h;t;h;||;;;;;;;;;;||;h;t;h;t;b;t;h;t;t;t;t;h;||;;;;;;;;;||;h;t;h;t;h;t;t;h;t;t;h;||;;;;;;
;;;;;;;;;||;h;h;t;h;b;h;t;h;t;t;t;t;h;t;t;t;t;t;t;h;t;h;||;||;;;;;;;;;||;h;t;h;h;h;h;h;t;t;t;t;h;||;;;;;;;;||;||;h;t;h;t;h;t;t;h;h;b;h;||;;;;;;
;;;;;;;;;||;||;h;t;h;t;h;t;h;h;h;h;t;h;t;h;h;h;h;t;h;t;h;h;||;||;;;;;;||;||;||;h;t;t;t;t;h;t;t;t;t;t;h;||;;;;;;;;||;h;h;t;h;t;h;b;h;h;t;t;h;||;||;;;;;
;;;;;;;;;;||;h;t;h;t;h;t;t;t;t;h;t;h;t;h;t;t;h;t;h;t;t;h;h;||;||;||;||;||;||;||;h;h;h;h;h;t;t;h;h;h;h;h;h;h;||;;;;;;;;||;h;t;t;h;t;h;t;t;h;t;h;h;h;||;;;;;
;;;;;;;;;;||;h;t;h;t;h;t;h;h;h;h;t;h;t;h;t;b;h;t;h;h;t;t;h;h;||;||;h;h;h;h;h;t;b;t;h;h;t;t;t;t;t;t;t;h;||;;;;;;;;||;h;t;h;h;t;h;t;t;h;t;h;t;h;||;;;;;
;;;;;;;;;;||;h;t;h;t;h;t;h;t;t;t;t;h;t;h;t;t;h;t;t;h;h;t;t;h;h;h;h;t;h;h;t;h;h;h;t;h;h;h;h;h;h;t;t;h;||;;;;;;;;||;h;t;h;t;t;h;b;h;h;t;h;t;h;||;;;;;
;;;;;;;;;;||;h;t;h;b;h;t;h;t;t;t;t;h;t;h;h;t;h;h;h;t;h;h;t;t;t;t;t;t;t;t;t;h;t;h;t;t;t;t;t;t;h;t;t;h;||;||;;;;;;||;||;h;t;h;t;t;h;t;t;h;t;h;t;h;||;;;;;
;;;;;;;;;;||;h;t;h;t;h;t;h;t;t;t;h;h;h;t;h;h;t;t;h;h;t;h;t;t;h;h;h;h;h;h;h;h;h;h;h;h;h;h;h;t;h;t;h;h;h;||;||;||;||;||;||;||;h;h;t;h;t;UT;h;t;t;h;t;h;t;h;||;||;;;;
;;;;;;;;;;||;h;t;h;t;h;t;h;t;t;h;h;b;h;h;t;h;h;t;h;t;t;h;t;t;h;t;t;t;t;t;t;t;t;t;t;t;t;t;h;t;h;t;h;t;h;h;h;h;h;h;h;h;h;t;t;h;t;t;h;t;t;h;t;h;t;h;h;||;;;;
;;;;;;;;;;||;h;t;h;t;h;t;h;t;h;h;h;h;h;h;h;t;h;t;h;t;t;h;t;t;h;t;h;h;h;h;h;h;h;h;h;h;h;t;h;t;h;t;h;t;t;h;h;h;h;h;h;h;t;t;h;h;t;t;h;b;h;h;t;h;t;t;h;||;;;;
;;;;;;;;;;||;h;h;h;b;h;t;h;t;h;b;b;UT;b;b;h;t;h;t;h;h;t;h;h;t;h;t;t;t;t;t;t;t;t;t;t;t;h;t;h;t;h;t;b;t;t;t;t;t;t;t;t;t;t;t;h;t;t;t;h;t;t;h;t;h;t;t;h;||;;;;
;;;;;;;;;;||;||;t;h;t;h;t;h;t;h;h;b;A;b;h;h;t;h;t;t;b;t;t;h;b;h;h;h;h;h;h;h;h;h;h;h;h;h;t;h;t;h;t;h;h;h;h;h;h;h;h;h;h;h;h;h;t;t;t;h;t;t;h;t;h;t;t;h;||;||;;;
;;;;;;;;;;;||;t;h;t;h;t;h;t;h;h;b;h;b;h;h;t;h;t;h;h;h;t;h;t;t;t;t;t;t;t;h;t;t;t;t;t;h;t;h;t;h;b;h;t;h;t;h;t;t;t;t;t;t;t;t;h;h;h;h;h;b;h;t;h;h;t;h;h;||;;;
;;;;;;;;;;;||;t;h;t;h;t;h;h;t;h;h;h;h;h;t;t;h;b;h;UT;h;t;h;h;h;h;t;t;t;t;h;h;h;h;h;h;h;t;h;t;h;t;h;t;h;t;h;t;t;t;h;h;t;t;t;b;t;t;t;t;t;h;t;t;t;t;t;h;||;;;
;;;;;;;;;;;||;t;h;t;h;t;t;h;h;t;h;h;h;t;h;h;h;t;h;h;h;h;h;||;||;h;h;h;h;h;t;t;t;t;t;t;t;t;h;t;h;t;h;h;h;b;h;t;t;h;h;h;h;t;UT;UT;UT;UT;UT;UT;t;h;t;UT;UT;UT;t;h;||;;;
;;;;;;;;;;;||;t;h;t;h;t;h;t;h;h;t;t;t;h;h;t;t;t;t;t;t;t;||;||;||;||;||;||;||;h;h;h;h;h;h;h;t;t;h;t;h;t;h;h;h;t;h;t;t;h;t;t;h;t;UT;t;t;t;t;t;t;h;t;t;t;UT;t;h;||;;;
;;;;;;;;;;;||;t;h;b;h;t;h;t;t;h;h;h;h;h;t;t;t;t;h;h;h;t;||;;;;;;||;||;||;||;||;||;||;h;h;t;h;t;h;t;h;t;h;b;h;t;t;h;t;t;UT;t;UT;t;h;h;h;h;h;h;h;h;t;UT;t;h;||;||;;
;;;;;;;;;;;||;t;h;t;h;t;h;h;h;t;t;t;t;h;h;h;h;h;h;h;h;h;||;;;;;;;;;;;;||;||;h;b;h;t;h;t;h;t;h;t;h;t;t;h;t;t;b;t;UT;t;h;t;h;t;b;t;t;h;t;UT;t;h;h;||;;
;;;;;;;;;;;||;t;h;t;h;t;h;t;h;h;h;h;h;t;t;t;t;t;t;t;t;h;||;;;;;;;;;;;;;||;||;t;h;t;h;t;h;h;h;b;h;t;t;h;t;t;h;t;UT;t;h;t;h;t;h;h;t;h;t;UT;t;t;h;||;;
;;;;;;;;;;;||;||;h;h;h;t;h;t;t;t;t;t;h;h;h;h;h;h;h;h;t;h;||;;;;;;;;;;;;;;||;t;h;t;h;t;t;h;t;t;h;t;t;h;t;t;h;t;UT;t;b;t;h;t;t;h;t;h;t;UT;t;t;h;||;||;
;;;;;;;;;;;;||;||;t;t;h;h;t;h;h;h;h;t;t;t;t;t;t;t;h;t;h;||;;;;;;;;;;;;;;||;t;h;t;h;t;t;h;t;t;h;t;h;h;t;t;h;t;UT;t;h;h;h;t;t;h;h;h;t;UT;t;t;h;h;||;
;;;;;;;;;;;;;||;t;h;h;t;h;h;b;t;h;h;h;h;h;h;h;b;h;t;h;||;||;;;;;;;;;;;;;||;t;h;t;h;t;t;h;h;b;h;t;h;t;t;t;h;t;UT;t;t;h;t;t;h;t;h;t;t;UT;t;t;t;h;||;
;;;;;;;;;;;;;||;||;h;t;t;h;t;UT;t;t;t;t;t;t;t;h;t;h;t;h;h;||;;;;;;;;;;;;;||;t;h;t;h;b;h;t;t;t;h;t;h;t;t;t;h;t;UT;t;t;h;t;h;h;t;h;h;t;UT;t;h;t;h;||;
;;;;;;;;;;;;;;||;h;t;t;h;t;h;h;t;t;t;t;t;t;h;t;h;h;t;h;||;;;;;;;;;;;;;||;t;h;t;h;t;h;h;h;t;h;t;h;t;t;t;h;t;UT;t;h;h;h;h;t;t;h;t;t;UT;t;h;t;h;||;
;;;;;;;;;;;;;;||;h;h;t;h;h;t;h;h;h;h;h;h;h;h;t;t;h;t;h;||;;;;;;;;;;;;;||;||;h;t;h;t;h;t;h;t;h;t;h;t;t;t;h;t;UT;t;b;t;t;h;t;t;h;h;t;UT;t;h;t;h;||;||
;;;;;;;;;;;;;;||;||;h;h;t;h;h;t;t;t;t;t;t;b;t;t;t;h;t;h;||;;;;;;;;;;;;;;||;h;t;h;t;h;h;h;b;h;h;h;h;h;h;h;t;UT;t;h;h;h;h;t;t;t;b;t;UT;t;h;h;h;h;||
;;;;;;;;;;;;;;;||;||;h;h;t;h;h;h;h;h;h;h;h;h;h;h;h;t;h;||;;;;;;;;;;;;;;||;h;t;h;b;h;t;t;t;h;h;t;t;t;t;h;t;UT;t;h;t;t;h;h;h;h;h;t;UT;t;h;t;t;h;||
;;;;;;;;;;;;;;;;||;||;h;t;t;t;t;t;t;t;t;b;t;t;t;t;t;h;||;||;||;||;;;;;;;;;;;||;h;t;h;t;h;h;t;t;h;h;h;t;t;t;h;t;UT;t;h;t;t;t;h;t;h;t;t;UT;t;h;t;t;h;||
;;;;;;;;;;;;;;;;;||;h;h;h;h;h;h;h;h;h;h;h;h;h;h;h;h;h;h;h;||;||;;;;;;;;;;||;h;t;h;t;t;h;t;t;h;t;h;t;t;t;h;t;UT;t;h;h;h;b;h;t;h;t;t;UT;t;h;t;t;h;||
;;;;;;;;;;;;;;;;;||;b;t;t;t;t;t;t;t;t;t;t;t;t;t;t;t;t;t;h;h;||;||;||;;;;;;;||;||;h;t;h;t;t;h;t;t;h;t;h;h;t;t;h;t;UT;t;t;t;t;t;h;t;h;t;t;UT;t;h;t;h;h;||
;;;;;;;;;;;;;;;;;||;h;h;h;h;h;h;h;h;h;h;h;h;h;h;h;h;h;h;t;h;h;h;||;;;;;;;||;t;h;t;h;t;t;h;t;t;h;t;t;h;t;t;h;t;UT;t;h;h;h;h;h;t;h;t;t;UT;t;h;t;h;||;||
;;;;;;;;;;;;;;;;;||;h;h;h;t;t;t;t;t;t;t;t;b;t;t;t;t;t;h;h;t;t;h;||;||;;;;;||;||;t;h;t;h;t;t;h;t;t;h;t;t;h;t;t;h;t;UT;t;h;t;t;t;t;t;h;t;t;UT;t;h;t;h;||;
;;;;;;;;;;;;;;;;;||;||;h;h;t;t;t;t;t;t;t;t;b;t;t;t;t;h;h;h;h;t;h;h;||;||;||;||;||;||;h;t;h;t;h;t;h;h;t;t;h;t;t;h;t;t;h;t;UT;t;b;b;b;b;b;t;h;h;t;UT;t;h;t;h;||;
;;;;;;;;;;;;;;;;;;||;||;h;t;t;t;t;t;t;t;t;b;t;t;t;t;h;t;t;h;t;t;h;h;h;h;h;h;h;h;t;h;t;h;t;h;t;t;t;h;t;t;h;h;t;h;t;UT;t;t;t;t;t;b;t;t;h;t;UT;t;h;t;h;||;
;;;;;;;;;;;;;;;;;;;||;||;||;||;||;||;h;h;h;h;h;h;h;h;h;h;t;t;h;t;t;t;t;t;t;t;t;t;t;t;h;t;h;t;h;h;h;t;h;t;t;t;h;t;t;t;UT;h;h;h;h;h;h;h;t;h;t;UT;t;h;t;h;||;
;;;;;;;;;;;;;;;;;;;;;;;;||;h;t;t;t;t;t;t;t;t;t;t;t;h;h;h;h;h;h;h;h;h;h;h;h;h;t;h;t;h;t;h;t;h;t;h;b;h;h;t;t;UT;h;UT;h;UT;h;UT;h;t;UT;t;UT;t;h;t;h;||;
;;;;;;;;;;;;;;;;;;;;;;;;||;h;t;h;h;h;h;h;h;h;h;h;t;h;t;t;t;t;t;t;t;t;t;t;t;t;t;h;b;h;t;h;t;h;t;h;t;t;h;t;t;UT;h;h;h;h;h;h;h;t;t;t;UT;t;h;t;h;||;||
;;;;;;;;;;;||;||;||;||;||;||;;;;;;;;||;h;t;h;t;t;t;t;t;t;t;h;h;h;h;h;h;h;h;h;h;h;h;h;h;h;h;h;t;h;h;h;t;h;t;h;t;t;h;t;t;UT;t;t;t;t;t;t;t;t;t;t;UT;t;h;t;h;UT;||
;;;;;;;;;;||;||;h;h;h;h;||;||;;;;;;||;||;h;t;h;t;t;t;t;t;t;t;t;t;t;t;t;t;t;t;t;t;t;t;t;t;t;b;t;t;h;t;h;t;h;t;h;h;t;h;t;t;UT;UT;UT;UT;UT;UT;UT;UT;UT;UT;UT;UT;t;h;b;h;UT;||
;;;;;;;;;||;||;h;h;t;t;h;h;||;||;;||;||;||;||;h;h;t;h;t;h;h;h;h;h;h;h;h;t;t;h;h;h;h;t;h;h;h;t;t;h;h;h;h;h;h;h;t;UT;t;t;h;t;UT;t;t;t;t;t;t;t;t;t;t;t;t;t;t;t;t;t;h;||;||
;;;;;;;;||;||;h;h;t;h;h;t;h;h;||;||;||;h;h;h;h;t;t;h;t;h;t;t;t;t;t;t;h;t;t;h;t;t;h;t;h;t;h;t;h;h;t;t;t;t;t;t;t;b;t;t;h;t;t;t;h;h;h;h;h;h;h;h;h;h;h;h;t;t;t;h;h;||;
;;;;;;;;||;h;h;t;h;h;h;h;t;h;h;h;h;h;t;t;t;t;h;h;t;h;t;t;t;t;t;b;h;h;h;h;t;t;t;t;h;t;h;h;h;t;t;h;h;h;h;h;h;h;h;h;h;t;t;t;h;t;t;t;t;t;t;t;t;t;b;t;t;h;h;h;||;||;
;;;;;;;;||;h;t;h;UT;h;h;h;t;t;t;t;t;t;h;h;h;h;h;t;t;h;t;t;h;h;h;h;t;||;||;h;t;t;UT;b;b;t;t;t;t;t;t;t;t;t;t;t;t;t;t;t;h;t;t;t;h;t;t;t;t;t;t;t;t;t;b;t;h;h;||;||;||;;
;;;;;;;;||;h;t;h;h;h;h;h;h;h;h;h;h;h;h;t;t;t;t;t;t;h;t;t;h;||;||;h;h;||;||;h;t;h;t;b;t;t;h;h;h;h;h;h;h;h;h;h;h;h;h;h;h;h;h;h;h;h;h;h;h;h;h;t;h;h;A;t;h;||;||;;;;
;;;;;;;;||;h;t;h;UT;h;h;h;t;t;t;t;t;t;t;t;t;t;t;t;t;h;t;t;h;||;||;h;UT;||;||;h;t;h;t;h;t;h;h;t;t;t;t;t;t;t;t;t;t;t;t;t;t;t;t;t;t;t;t;t;t;t;h;t;h;t;t;h;h;||;;;;;
;;;;;;;;||;h;t;h;h;h;h;h;h;h;h;h;h;h;h;h;h;h;h;h;h;h;t;h;h;||;||;||;||;||;||;h;t;h;t;h;t;h;t;t;UT;UT;UT;UT;UT;UT;UT;UT;UT;UT;UT;UT;UT;UT;UT;UT;UT;UT;UT;UT;UT;t;h;t;h;t;t;h;||;||;;;;;
;;;;;;;;||;h;t;h;h;h;h;h;t;t;t;t;t;t;t;t;t;t;t;t;t;t;t;h;||;||;;;;;||;h;t;h;t;h;t;h;t;t;t;t;t;t;t;t;t;t;t;t;t;t;t;t;t;t;t;t;t;t;t;t;h;t;h;t;t;h;||;;;;;;
;;;;;;;;||;h;t;h;UT;h;h;h;t;t;t;t;t;t;t;t;t;t;t;t;t;t;t;h;||;;;;;;||;h;h;h;t;h;t;h;t;h;h;h;h;h;h;h;h;h;h;h;h;h;h;h;h;h;h;h;h;h;h;h;h;t;h;t;t;h;||;;;;;;
;;;;;;;;||;h;t;h;h;h;h;h;h;h;h;h;h;b;h;h;h;h;h;t;t;t;h;h;||;;;;;;||;h;t;t;t;h;t;h;t;h;t;t;t;t;t;t;t;t;t;t;t;t;t;t;t;t;t;t;t;t;t;t;t;t;h;t;t;h;||;;;;;;
;;;;;;;;||;h;t;h;UT;h;h;h;t;h;t;t;h;t;t;h;t;t;h;t;t;t;h;||;||;;;;;;||;h;h;t;t;h;t;h;t;h;h;h;h;h;h;h;h;h;h;h;h;t;t;t;t;t;t;t;h;h;h;h;h;h;h;t;t;h;||;;;;;;
;;;;;;;;||;h;h;t;h;h;h;h;t;b;t;t;h;t;t;h;t;t;h;t;t;t;h;||;;;;;;;||;||;h;h;t;h;t;h;t;t;t;t;t;t;t;t;t;t;t;t;h;h;h;h;h;h;h;h;h;UT;UT;h;t;t;t;t;h;h;||;;;;;;
;;;;;;;;||;||;h;h;t;h;h;h;t;h;t;t;h;t;t;h;t;t;h;t;t;h;h;||;;;;;;;;||;||;h;h;h;t;h;t;UT;UT;UT;UT;UT;UT;UT;UT;UT;UT;t;t;t;t;t;t;t;t;t;h;UT;UT;h;t;t;t;h;h;||;||;;;;;;
;;;;;;;;;||;||;h;h;t;h;h;t;h;t;t;h;t;t;h;t;t;b;t;t;h;||;||;;;;;;;;;||;||;h;h;t;h;t;t;t;t;t;t;t;t;t;t;UT;UT;UT;UT;UT;t;t;t;t;t;h;UT;UT;h;t;t;t;h;||;||;;;;;;;
;;;;;;;;;;||;||;h;t;h;h;h;b;h;h;h;h;h;h;h;b;A;t;h;h;||;;;;;;;;;;;||;||;||;t;h;h;h;h;h;h;h;h;h;h;t;t;t;t;t;t;t;t;t;t;t;h;h;h;h;t;t;h;h;||;;;;;;;;
;;;;;;;;;;;||;h;h;t;t;t;t;t;t;t;t;t;t;t;t;t;t;h;||;||;;;;;;;;;;;;;||;||;||;||;||;||;||;||;||;||;||;h;h;h;h;h;h;h;h;h;h;t;t;t;t;t;t;h;h;h;||;||;;;;;;;;
;;;;;;;;;;;||;||;h;h;h;h;h;h;h;h;h;h;t;t;t;t;h;h;||;;;;;;;;;;;;;;;;;;;;;;;;||;||;||;||;||;||;||;||;||;||;h;h;h;t;t;t;t;h;||;||;||;;;;;;;;;
;;;;;;;;;;;;||;||;||;||;||;||;||;||;||;||;h;h;h;t;t;h;||;||;;;;;;;;;;;;;;;;;;;;;;;;;;;;;;;;;||;||;||;h;t;t;t;h;h;||;;;;;;;;;;;
;;;;;;;;;;;;;;;;;;;;;||;||;||;h;h;h;h;||;;;;;;;;;;;;;;;;;;;;;;;;;;;;;;;;;;;;||;h;h;h;h;h;||;||;;;;;;;;;;;
;;;;;;;;;;;;;;;;;;;;;;;||;||;||;||;||;||;;;;;;;;;;;;;;;;;;;;;;;;;;;;;;;;;;;;||;||;t;t;t;||;||;;;;;;;;;;;;
;;;;;;;;;;;;;;;;;;;;;;;;;;;;;;;;;;;;;;;;;;;;;;;;;;;;;;;;;;;;;;;;;||;||;UT;||;||;;;;;;;;;;;;;
;;;;;;;;;;;;;;;;;;;;;;;;;;;;;;;;;;;;;;;;;;;;;;;;;;;;;;;;;;;;;;;;;;||;||;||;;;;;;;;;;;;;;
